Remark: Message Dispatcher for NBA
INSERT INTO MSG_TYPE (IMSG_ID, CAPP_TYPE, CMSG_TYPE, CMSG_DESC) VALUES (34, '07', '27', 'nbamatch.ini');
INSERT INTO MSG_TYPE (IMSG_ID, CAPP_TYPE, CMSG_TYPE, CMSG_DESC) VALUES (35, '07', '28', 'nbaResult.ini');
INSERT INTO MSG_TYPE (IMSG_ID, CAPP_TYPE, CMSG_TYPE, CMSG_DESC) VALUES (36, '07', '29', 'nbaRank.ini');
INSERT INTO MSG_TYPE (IMSG_ID, CAPP_TYPE, CMSG_TYPE, CMSG_DESC) VALUES (37, '07', '30', 'nbaRankPersonal.ini');

INSERT INTO MSG_GP (IMSG_GP, CMSG_DESC) VALUES (11, 'NBA INI');

INSERT INTO IOPATH (IPATH_ID, CIO_PATH, CPATH_DESC, CDBCONN, CPENDINGSQL) VALUES (7, 'D:\NBASports\datafile\AsiaGp', 'NBA GOGO Sender', 'Provider=IbOleDb;Location=127.0.0.1;Data Source=D:/NBASports/db/ASIA_NBA.GDB;User ID=sysdba;Password=masterkey;Min Pool Size=5;Max Pool Size=100', 'INSERT INTO JOB_QUEUE (CFILENAME) VALUES (''PENDINGBATCHFILENAME'')');
INSERT INTO IOPATH (IPATH_ID, CIO_PATH, CPATH_DESC, CDBCONN, CPENDINGSQL) VALUES (8, 'D:\NBASports\datafile2', 'NBA HKJC Sender', 'Provider=IbOleDb;Location=127.0.0.1;Data Source=D:/NBASports/db2/ASIA_NBA.GDB;User ID=sysdba;Password=masterkey;Min Pool Size=5;Max Pool Size=100', 'INSERT INTO JOB_QUEUE (CFILENAME) VALUES (''PENDINGBATCHFILENAME'')');

INSERT INTO MSGGP_MAP (IMSG_GP, IMSG_ID, LASTUPDATE) VALUES (11, 34, CURRENT_TIMESTAMP);
INSERT INTO MSGGP_MAP (IMSG_GP, IMSG_ID, LASTUPDATE) VALUES (11, 35, CURRENT_TIMESTAMP);
INSERT INTO MSGGP_MAP (IMSG_GP, IMSG_ID, LASTUPDATE) VALUES (11, 36, CURRENT_TIMESTAMP);
INSERT INTO MSGGP_MAP (IMSG_GP, IMSG_ID, LASTUPDATE) VALUES (11, 37, CURRENT_TIMESTAMP);

INSERT INTO MSGROUTE (CMSG_TYPE, IPATH_ID) VALUES ('27', 7);
INSERT INTO MSGROUTE (CMSG_TYPE, IPATH_ID) VALUES ('27', 8);
INSERT INTO MSGROUTE (CMSG_TYPE, IPATH_ID) VALUES ('28', 7);
INSERT INTO MSGROUTE (CMSG_TYPE, IPATH_ID) VALUES ('28', 8);
INSERT INTO MSGROUTE (CMSG_TYPE, IPATH_ID) VALUES ('29', 7);
INSERT INTO MSGROUTE (CMSG_TYPE, IPATH_ID) VALUES ('29', 8);
INSERT INTO MSGROUTE (CMSG_TYPE, IPATH_ID) VALUES ('30', 7);
INSERT INTO MSGROUTE (CMSG_TYPE, IPATH_ID) VALUES ('30', 8);

